City_ID,City,Country,Max Temp,Current Description,Lat,Lng,Hotel Name
2,Airai,TL,61.43,broken clouds,-8.9266,125.4092,
3,Mahebourg,MU,73.26,scattered clouds,-20.4081,57.7,Shandrani Beachcomber Resort & Spa
4,Itarema,BR,83.66,few clouds,-2.9248,-39.9167,"Sea Lounge! Bar, Club & Restaurant"
7,Marshfield,US,72.66,clear sky,44.6689,-90.1718,"Holiday Inn Conference Ctr Marshfield, an IHG Hotel"
8,Marawi,PH,68.81,overcast clouds,7.9986,124.2928,Derogongan Residence
9,Ushuaia,AR,50.29,scattered clouds,-54.8,-68.3,Albatross Hotel
10,Albany,US,63.34,overcast clouds,42.6001,-73.9662,
11,Punta Arenas,CL,57.31,clear sky,-53.15,-70.9167,Hotel Hain
12,Banjar,ID,77.23,scattered clouds,-8.19,114.9675,The Hamsa Resort
13,Ayolas,PY,80.56,light rain,-27.4,-56.9,Hotel Ayolas
14,Mecca,SA,81.73,clear sky,21.4267,39.8261,"Makkah Clock Royal Tower, A Fairmont Hotel"
15,Butaritari,KI,80.64,overcast clouds,3.0707,172.7902,Isles Sunset Lodge
16,Georgetown,MY,82.33,scattered clouds,5.4112,100.3354,Cititel Penang
17,Rikitea,PF,72.36,light rain,-23.1203,-134.9692,People ThankYou
18,Tambacounda,SN,87.12,clear sky,13.7539,-13.7586,
19,San Jeronimo,PE,64.29,broken clouds,-11.9472,-75.2829,Tuki Llajta Pueblo Bonito Eco Lodge
21,Kisangani,CD,71.56,overcast clouds,0.5167,25.2,Grand Ramela Hotel
22,Acapulco,MX,84.29,scattered clouds,16.8634,-99.8901,HS Hotsson Smart Acapulco
23,Constitucion,CL,56.77,overcast clouds,-35.3333,-72.4167,Hotel Boutique Las Azucenas
25,Rafraf,TN,75.51,clear sky,37.1904,10.1837,Les Jardins de la Mer Ghar el Melh
28,Avera,US,77.56,few clouds,33.194,-82.5271,
29,Pochutla,MX,85.82,overcast clouds,15.7432,-96.4661,Hotel Posada San Jose
30,Mar Del Plata,AR,60.94,light rain,-38.0023,-57.5575,Gran Hotel Mar del Plata
31,Veraval,IN,79.16,clear sky,20.9,70.3667,Lords Inn Somnath
32,Riyadh,SA,77.14,clear sky,24.6877,46.7219,"InterContinental Riyadh, an IHG Hotel"
33,Huambo,AO,69.85,overcast clouds,-12.7761,15.7392,Residencial Mãesidencial Mãe Lina
34,Bredasdorp,ZA,61.99,broken clouds,-34.5322,20.0403,Bredasdorp Country Manor
35,Jamestown,US,70.95,overcast clouds,42.097,-79.2353,Hampton Inn & Suites Jamestown
36,Souillac,MU,72.37,clear sky,-20.5167,57.5167,Shanti Maurice Resort & Spa
37,Lorengau,PG,80.6,overcast clouds,-2.0226,147.2712,Lorengau Harbourside Hotel
40,Hilo,US,79.11,overcast clouds,19.7297,-155.09,Hilo Hawaiian Hotel
41,Keti Bandar,PK,82.18,clear sky,24.1447,67.4497,Haji laloo memon house
42,Kirakira,SB,77.23,light rain,-10.4544,161.9205,SanBiz Lodge
43,Wajir,KE,82.15,few clouds,1.7471,40.0573,Mahatallah Hotel
44,Sal Rei,CV,79.0,few clouds,16.1833,-22.9167,Marine Club Beach Resort
46,Antofagasta,CL,65.89,few clouds,-23.65,-70.4,"Holiday Inn Express Antofagasta, an IHG Hotel"
47,Cape Town,ZA,70.21,few clouds,-33.9258,18.4232,"Radisson Blu Hotel Waterfront, Cape Town"
48,Murdochville,CA,61.47,few clouds,48.9583,-65.5006,Les Suites économique Murdochville
49,Ternate,ID,82.26,few clouds,0.8,127.4,Sahid Bela Ternate Hotel
50,Ribeira Grande,PT,64.8,few clouds,38.5167,-28.7,Quinta da Meia Eira
51,Santa Ines,BR,90.86,overcast clouds,-3.6667,-45.38,Palace hotel
52,Arraial Do Cabo,BR,72.82,scattered clouds,-22.9661,-42.0278,Pousada Porto Praia
53,Oranjemund,,60.91,overcast clouds,-28.55,16.4333,The Fisherman's Cove
55,Port Alfred,ZA,66.18,broken clouds,-33.5906,26.891,The Halyards Hotel & Spa
56,Lasa,IT,51.37,broken clouds,46.6166,10.7002,Pension Feldgärtenhof
57,Uberlandia,BR,83.01,overcast clouds,-18.9186,-48.2772,Hotel Apollo
58,Saint-Philippe,RE,71.19,few clouds,-21.3585,55.7679,Le four à pain
59,San Patricio,US,87.55,overcast clouds,28.017,-97.5169,"Motel 6 Sinton, TX"
61,Port Elizabeth,ZA,66.31,overcast clouds,-33.918,25.5701,39 On Nile Guest House
63,Castro,BR,75.2,clear sky,-24.7911,-50.0119,CHACARA BAILLY
64,Warah,PK,77.67,clear sky,27.4481,67.7978,Nizamuddin Lohaar Home Soomra Muhallah Bhittai Colony Warah.
65,Marystown,CA,55.94,overcast clouds,47.1666,-55.1483,Marystown Hotel & Convention Centre
66,Hithadhoo,MV,81.79,overcast clouds,-0.6,73.0833,Scoop Guest House
67,Vila Franca Do Campo,PT,65.19,light rain,37.7167,-25.4333,Pestana Bahia Praia
68,Esperance,AU,55.8,overcast clouds,-33.8667,121.9,Hospitality Esperance
69,Cap-Aux-Meules,CA,53.55,overcast clouds,47.3821,-61.8597,Château Madelinot
70,Ocean City,US,61.05,overcast clouds,39.2776,-74.5746,Biscayne Suites
71,Isangel,VU,73.02,overcast clouds,-19.55,169.2667,Tanna Lodge
72,Faanui,PF,78.94,few clouds,-16.4833,-151.75,Bora-Bora Pearl Beach Resort & Spa
73,Victoria,HK,78.85,overcast clouds,22.2855,114.1577,Mini Central
75,Puerto Ayora,EC,75.16,broken clouds,-0.7393,-90.3518,Finch Bay Galapagos Hotel
76,Kapaa,US,81.1,few clouds,22.0752,-159.319,Sheraton Kauai Coconut Beach Resort
77,Bambous Virieux,MU,73.22,scattered clouds,-20.3428,57.7575,Casa Tia Villa
78,Port Lincoln,AU,55.72,overcast clouds,-34.7333,135.8667,Port Lincoln Hotel
80,Sakakah,SA,77.61,overcast clouds,29.9697,40.2064,Fakhamat Al Orjoana Apartment
81,Xique-Xique,BR,87.53,overcast clouds,-10.8218,-42.7263,Hotel J. Macedo
83,Kumano,JP,58.12,broken clouds,34.3442,132.5894,ホテル コラソン
84,Busselton,AU,55.27,broken clouds,-33.65,115.3333,Observatory Guest House
85,Chiang Kham,TH,70.88,overcast clouds,19.5233,100.3,Rico Resort
88,Ponta Do Sol,PT,71.01,overcast clouds,32.6667,-17.1,Hotel do Campo
89,East London,ZA,69.28,overcast clouds,-33.0153,27.9116,Tu Casa
91,Antalaha,MG,69.37,few clouds,-14.9003,50.2788,Hotel Vitasoa
92,Vao,NC,72.75,overcast clouds,-22.6667,167.4833,Hotel Kou-Bugny
93,Bethel,US,60.89,light rain,41.3712,-73.414,Courtyard by Marriott Danbury
95,Valavanur,IN,75.83,broken clouds,11.9209,79.5824,Kavi
96,Cabo San Lucas,MX,90.61,clear sky,22.8909,-109.9124,Hotel Tesoro Los Cabos
100,Honiara,SB,76.12,overcast clouds,-9.4333,159.95,Heritage Park Hotel
101,Porto Novo,BJ,78.31,light rain,6.4965,2.6036,Tour Eiffel Hotel Benin
102,Bud,US,78.85,clear sky,39.447,-86.1758,Ted McQuinn Trust
103,Soe,ID,67.48,broken clouds,-9.8607,124.284,Dena Hotel
105,Teknaf,BD,77.65,moderate rain,20.8624,92.3058,Forestry Guesthouse
106,Cayenne,GF,87.84,clear sky,4.9333,-52.3333,Hôtel Le Dronmi
107,Trier,DE,62.17,overcast clouds,49.7557,6.6394,Hotel Deutscher Hof Trier
108,Hindoria,IN,65.88,clear sky,23.9,79.5667,जहान होटल
109,Jiexiu,CN,53.91,few clouds,37.0244,111.9125,IU Hotel Jinzhong Yuhua Road
110,Bengkulu,ID,76.39,overcast clouds,-3.8004,102.2655,Grage Hotel Bengkulu
112,Luderitz,,62.15,overcast clouds,-26.6481,15.1594,LÜDERITZ NEST HOTEL
113,Tiznit,MA,78.58,overcast clouds,29.5833,-9.5,
116,Waingapu,ID,80.71,overcast clouds,-9.6567,120.2641,Pondok Wisata Elim
117,Paita,PE,68.65,overcast clouds,-5.0892,-81.1144,Hotel Náutico de Paita
118,Chuy,UY,62.37,broken clouds,-33.6971,-53.4616,Nuevo Hotel Plaza
119,Adrar,MR,90.05,clear sky,20.5022,-10.0711,
120,Laurel,US,67.17,overcast clouds,39.0993,-76.8483,Days Inn & Suites by Wyndham Laurel Near Fort Meade
122,New Norfolk,AU,51.3,overcast clouds,-42.7826,147.0587,The Shingles Riverside Cottages
123,Saint-Pierre,RE,71.28,clear sky,-21.3393,55.4781,Alize Plage
124,Praia Da Vitoria,PT,64.76,few clouds,38.7333,-27.0667,Hotel Branco I
125,Port Blair,IN,80.64,overcast clouds,11.6667,92.75,"Welcomhotel By ITC Hotels, Bay Island, Port Blair"
126,Te Anau,NZ,50.61,light rain,-45.4167,167.7167,Kingsgate Hotel Te Anau
128,Houma,US,82.0,clear sky,29.5958,-90.7195,Courtyard by Marriott Houma
129,Touros,BR,81.46,broken clouds,-5.1989,-35.4608,INN NEW HORIZON
132,Albanel,CA,66.09,clear sky,48.8832,-72.4487,Camping municipal d'Albanel
133,Champerico,GT,83.84,clear sky,14.3,-91.9167,"Hotel y restaurante ""El Diamante"""
134,Farafangana,MG,72.54,overcast clouds,-22.8167,47.8333,Miarina
135,Dingle,PH,75.9,overcast clouds,10.9995,122.6711,SEGAYA PROPERTY
136,San Carlos,VE,89.17,scattered clouds,9.6612,-68.5827,Hotel Paternopoli
137,Candelaria,PH,76.05,scattered clouds,13.9311,121.4233,Casa de Provincia
138,Atuona,PF,75.76,light rain,-9.8,-139.0333,Villa Enata
139,Tall Kayf,TR,61.14,clear sky,37.0833,41.0667,
140,Ajdabiya,LY,69.76,clear sky,30.7554,20.2263,منزلة الحاج سالم خليفة العيساويه الزواوي
141,Carnarvon,AU,68.05,few clouds,-24.8667,113.6333,Hospitality Carnarvon
142,Geraldton,AU,63.61,overcast clouds,-28.7667,114.6,Broadwater Mariner Resort
143,Sabha,LY,68.27,clear sky,27.0377,14.4283,محطة ام الارانب -سبها مواصلات
145,Farah,AF,65.41,clear sky,32.5,62.5,
146,Karratha,AU,70.88,clear sky,-20.7377,116.8463,ibis Styles Karratha
147,Eldersburg,US,66.04,overcast clouds,39.4037,-76.9503,Inn at Norwood
148,Axim,GH,78.37,broken clouds,4.8699,-2.2405,Axim Beach Resort And Spa
152,Grand Gaube,MU,73.38,scattered clouds,-20.0064,57.6608,Veranda Paul et Virginie Hotel & Spa
153,Saint George,US,54.95,few clouds,37.1041,-113.5841,Best Western Plus Abbey Inn
154,Hermanus,ZA,65.8,scattered clouds,-34.4187,19.2345,Misty Waves Boutique Hotel
156,Eyl,SO,78.91,clear sky,7.9803,49.8164,EYL AQUE SYSTEM
159,Yuncheng,CN,60.21,overcast clouds,35.0231,110.9928,晋州快捷酒店
160,Bathsheba,BB,86.61,scattered clouds,13.2167,-59.5167,Atlantis Hotel
161,Takoradi,GH,78.73,few clouds,4.8845,-1.7554,Raybow International Hotel
163,Komsomolskiy,UZ,50.72,overcast clouds,40.4272,71.7189,Ikathouse
164,Gizo,SB,80.96,overcast clouds,-8.103,156.8419,Imagination Island
167,Moree,AU,60.87,few clouds,-29.4667,149.85,Molika Springs Motel
168,Maicao,CO,85.1,overcast clouds,11.3832,-72.2432,Hotel Sancho
169,Guerrero Negro,MX,73.87,overcast clouds,27.9769,-114.0611,"Casa Laguna, Bed & Breakfast"
172,Avarua,CK,77.05,light rain,-21.2078,-159.775,Paradise Inn
173,Broken Hill,AU,57.74,overcast clouds,-31.95,141.4333,Royal Exchange Hotel
174,Acarau,BR,83.77,scattered clouds,-2.8856,-40.12,castelo pizzaria
176,Maralal,KE,62.74,clear sky,1.0968,36.698,Ngari Hill Ecolodge
177,Tabou,CI,77.29,overcast clouds,4.423,-7.3528,hotêl doufoulougou
178,The Hammocks,US,85.01,scattered clouds,25.6715,-80.4445,Olimpia apartamento
179,Bubaque,GW,83.5,overcast clouds,11.2833,-15.8333,"Casa Dora, Bubaque"
181,Alofi,NU,75.18,light rain,-19.0595,-169.9187,Taloa Heights
182,Kruisfontein,ZA,63.88,overcast clouds,-34.0033,24.7314,Oyster Bay House Rental
183,Riachao Do Jacuipe,BR,89.28,overcast clouds,-11.8069,-39.3856,Riachão Palace Hotel
184,Sao Filipe,CV,80.19,clear sky,14.8961,-24.4956,Hotel Xaguate
185,Hobart,AU,51.66,broken clouds,-42.8794,147.3294,St Ives Hobart Accommodation Tasmania
186,Rio Grande,BR,62.46,clear sky,-32.035,-52.0986,Hotel Atlântico Rio Grande
187,Trebisov,SK,57.09,scattered clouds,48.6286,21.7195,Hotel Zemplín
190,Clarence Town,AU,64.94,overcast clouds,-32.5833,151.7833,River Downs Cottage
191,Betare Oya,CM,68.34,overcast clouds,5.6,14.0833,Auberge Tembina Betaré Oya
192,Aberdeen,GB,54.5,fog,57.1437,-2.0981,Premier Inn Aberdeen City Centre hotel
194,Jashpurnagar,IN,62.1,broken clouds,22.9,84.15,Sagar Restaurant
196,Akdepe,TM,50.32,scattered clouds,42.0551,59.3788,
197,Fukue,JP,65.88,scattered clouds,32.6881,128.8419,Goto Guesthouse Utojuku & SA Car Rental
199,Daru,PG,77.9,scattered clouds,-9.0763,143.2092,Daru Lodge
200,Pucallpa,PE,79.45,overcast clouds,-8.3791,-74.5539,Hotel Sol de Oriente - Pucallpa
203,Maridi,SS,69.62,overcast clouds,4.9158,29.4742,
205,Valparaiso,CL,62.83,clear sky,-33.0393,-71.6273,Hotel Ultramar
206,Sioux Lookout,CA,60.46,clear sky,50.1001,-91.917,Knobby's Fly-In Camps
207,Moengo,SR,87.8,overcast clouds,5.6167,-54.4,Masanga
208,Byron Bay,AU,64.36,light rain,-28.65,153.6167,Backpackers Inn
211,Vaini,TO,73.56,few clouds,-21.2,-175.2,Keleti Beach Resort
212,Mattru,SL,75.51,light rain,7.6244,-11.8332,"Mondkor Town, Bagbo Chiefdom, Bo District"
213,Am Timan,TD,78.94,few clouds,11.0297,20.2827,Palais du chef Canton Salamt
215,Torbay,CA,63.27,broken clouds,47.6666,-52.7314,Gallows Cove
216,Makhu,IN,70.05,clear sky,31.1033,74.9978,Deep glass art
217,Patitirion,GR,73.38,clear sky,39.15,23.8667,Pension Votsi
220,Tutoia,BR,83.05,broken clouds,-2.7619,-42.2744,Pousada Guará's
222,Marion,US,79.56,few clouds,39.7684,-86.1555,Hilton Garden Inn Indianapolis Downtown
223,Lahijan,IR,59.52,overcast clouds,37.2061,50.0029,Abrishami Hotel
224,Caravelas,BR,79.84,scattered clouds,-17.7125,-39.2481,Pousada dos Navegantes
226,Gilgit,PK,59.9,clear sky,35.9221,74.3087,Tourist Hamlet Gilgit
227,Nioro,GM,84.34,broken clouds,13.35,-15.75,
228,Afyonkarahisar,TR,53.49,clear sky,38.75,30.6667,
230,Lamu,KE,79.02,overcast clouds,-2.2717,40.902,Lamu House
232,Dinguiraye,GN,70.61,broken clouds,11.3,-10.7167,
233,Skibbereen,IE,53.11,overcast clouds,51.55,-9.2667,The West Cork Hotel
234,Lompoc,US,73.85,clear sky,34.6391,-120.4579,"Holiday Inn Express Lompoc, an IHG Hotel"
235,Fredericton,CA,65.01,overcast clouds,45.9454,-66.6656,"Crowne Plaza Fredericton-Lord Beaverbrook, an IHG Hotel"
237,Vila Velha,BR,73.94,overcast clouds,-20.3297,-40.2925,Hotel Vitória Palace
238,Asfi,MA,68.72,clear sky,32.2994,-9.2372,Hôtel Abda
239,Mataram,ID,77.81,overcast clouds,-8.5833,116.1167,Hotel Santika Mataram
240,Iaciara,BR,82.13,overcast clouds,-14.0958,-46.6317,Hotel Matinha
241,Baherden,TM,60.58,light rain,38.4362,57.4316,
242,Nusaybin,TR,65.7,clear sky,37.0778,41.2178,Aydinlar Hotel
243,Kavieng,PG,79.97,overcast clouds,-2.5744,150.7967,Nusa Island Retreat
246,Santa Rosa,PH,80.11,scattered clouds,14.3122,121.1114,Erlyn’s Sta Rosa City Home
247,Redding,US,63.82,clear sky,40.5865,-122.3917,Redding Inn & Suites
248,Mana,GF,84.38,overcast clouds,5.6592,-53.7767,LE SAMANA
249,Waipawa,NZ,54.45,overcast clouds,-41.4122,175.5153,Tora Coastal Walk
250,Ahipara,NZ,54.43,clear sky,-35.1667,173.1667,Ahipara Holiday Park
251,Ugoofaaru,MV,80.82,overcast clouds,5.6667,73.0,Ungoofaaru Inn
252,Harnoli,PK,74.5,clear sky,32.2792,71.5539,Masjid Kosar Tableeghi Markaz
253,Rocha,UY,62.91,overcast clouds,-34.4833,-54.3333,Hotel Arrarte
254,Christchurch,NZ,55.9,overcast clouds,-43.5333,172.6333,The George
255,Kaeo,NZ,53.19,clear sky,-35.1,173.7833,Bushido Lodge
256,Miranda,CO,79.2,broken clouds,3.2499,-76.2281,unidiversidad organica la utopia
257,Juazeiro,BR,93.99,overcast clouds,-9.4117,-40.4986,JB Hotel
258,Ponta Delgada,PT,65.5,light intensity shower rain,37.7333,-25.6667,Vila Nova Hotel
259,Rawson,AR,78.22,clear sky,-43.3002,-65.1023,Hosteria Sampedro
261,Asau,RO,54.52,few clouds,46.4333,26.4,Casa Mika Ciobanus
267,Punto Fijo,VE,87.8,overcast clouds,11.6956,-70.1996,Santa Fe Inn Hotel
268,New Glasgow,CA,60.78,overcast clouds,45.5834,-62.6486,"Holiday Inn Express Stellarton-New Glasgow, an IHG Hotel"
269,San Quintin,MX,67.64,overcast clouds,30.4833,-115.95,Don Eddie's Sport Fishing Center
270,Kahului,US,86.02,clear sky,20.8947,-156.47,Maui Seaside Hotel
272,Acari,PE,78.24,scattered clouds,-15.4311,-74.6158,HOSPEDAJE XIMENA
273,Northam,GB,54.61,overcast clouds,51.0333,-4.2167,Durrant House Hotel
274,Morgan City,US,82.0,broken clouds,29.6994,-91.2068,Hampton Inn & Suites Morgan City
275,Huarmey,PE,68.02,broken clouds,-10.0681,-78.1522,Hotel Miramar
276,Mastung,PK,57.9,clear sky,29.7994,66.845,Al Hasnan Cold Drink Santer
277,Camana,PE,67.48,broken clouds,-16.6228,-72.7111,Hostal Morales
278,Mabiton,PH,81.84,overcast clouds,12.8334,123.2612,
279,Point Pedro,LK,78.96,broken clouds,9.8167,80.2333,Gtr homes
280,Lata,PT,63.07,overcast clouds,40.1629,-8.3327,Casa Maquia
281,Racine,US,76.95,clear sky,42.7495,-88.0751,
282,Dana Point,US,73.04,broken clouds,33.467,-117.6981,Laguna Cliffs Marriott Resort & Spa
283,Jiblah,YE,61.68,clear sky,13.9216,44.1467,Tiger Tower Hotel
284,Reconquista,AR,80.8,clear sky,-29.15,-59.65,Grand Hotel
286,Omboue,GA,77.05,light rain,-1.5746,9.2618,Hotel Olako
287,Saldanha,ZA,62.31,broken clouds,-33.0117,17.9442,Blue Bay Lodge
288,Marsh Harbour,BS,78.64,clear sky,26.5412,-77.0636,Abaco Beach Resort
289,Praia,CV,79.34,few clouds,14.9215,-23.5087,LT Aparthotel
291,Sao Geraldo Do Araguaia,BR,96.93,heavy intensity rain,-6.4006,-48.555,Hotel Por do Sol
293,Dharchula,IN,56.48,clear sky,29.85,80.5333,Mahara Hotel
296,Lebu,CL,55.44,clear sky,-37.6167,-73.65,Hostal Las Lilas
298,West Plains,US,76.03,few clouds,36.7281,-91.8524,West Plains Motel
299,Caohai,CN,52.95,overcast clouds,26.8661,104.2841,Jinhua Hotel
300,Licheng,CN,68.95,few clouds,23.2955,113.8284,Xincheng Tourism Industry
301,Diamantino,BR,80.53,overcast clouds,-14.4086,-56.4461,Hotel Delta
303,Nishihara,JP,74.48,clear sky,26.1842,127.7558,Minshuku Agaihama
304,Araouane,ML,86.49,overcast clouds,18.9048,-3.5265,
306,San Juan,AR,84.07,clear sky,-31.5375,-68.5364,Hotel Provincial
307,Upata,VE,81.97,broken clouds,8.0086,-62.3989,Posada Villa Nela
308,Pierre,US,77.05,clear sky,44.3683,-100.351,Ramkota Hotel
309,Benjamin Hill,MX,72.68,broken clouds,30.1667,-111.1,Hotel Benjamín Hill
310,Bad Reichenhall,DE,60.35,clear sky,47.7333,12.8833,AMBER HOTEL BAVARIA Bad Reichenhall
312,Carauari,BR,76.21,overcast clouds,-4.8828,-66.8958,Hotel Fellip
314,Adrian,US,76.59,broken clouds,41.8975,-84.0372,"Holiday Inn Express Adrian, an IHG Hotel"
316,Buchanan,LR,77.95,light rain,5.8808,-10.0467,Kamaneahn Hotel Inc
318,Coihaique,CL,52.41,broken clouds,-45.5752,-72.0662,Diego De Almagro Coyhaique
320,Puerto Del Rosario,ES,73.15,few clouds,28.5004,-13.8627,Hotel JM Puerto del Rosario
321,Rancho Palos Verdes,US,73.51,scattered clouds,33.7445,-118.387,Terranea Resort
322,Dongying,CN,54.3,clear sky,37.4564,118.4856,Wanda Realm
323,Salinopolis,BR,83.68,scattered clouds,-0.6136,-47.3561,Salinas Park Resort Maçarico AP101
324,Itoman,JP,75.22,overcast clouds,26.1247,127.6694,Southern Beach Hotel & Resort Okinawa
325,Alexandria,EG,72.79,clear sky,31.2156,29.9553,فندق قاعود
326,Panaba,MX,87.85,clear sky,21.2833,-88.2667,Hotel Don Fernando
327,Mayo,US,67.12,broken clouds,38.8876,-76.5119,Resorts Resource Group International
330,Sao Joao Da Barra,BR,75.76,broken clouds,-21.6403,-41.0511,Pousada Porto De Canoas
331,Wiang Sa,TH,78.85,broken clouds,8.6359,99.3666,ชำนาญอินน์
332,Moose Factory,CA,57.02,overcast clouds,51.2585,-80.6094,Moosonee Lilypad
333,Shingu,JP,57.81,overcast clouds,33.7333,135.9833,Shingu UI Hotel
335,Abonnema,NG,77.67,moderate rain,4.7084,6.7931,Corper's Lodge Obonoma
336,Santa Maria Del Oro,MX,73.4,overcast clouds,25.9333,-105.3667,Hotel Palacio Del Sol
338,Malakal,SS,72.23,light rain,9.5334,31.6605,Nile Palace Hotel
340,Kavaratti,IN,81.34,overcast clouds,10.5669,72.642,Green leaf
343,Samarai,PG,79.92,scattered clouds,-10.6167,150.6667,Nuli Sapi
344,Lahat,ID,73.27,light rain,-3.8,103.5333,Hotel Grand Zuri Lahat by ZHM
345,Viransehir,TR,64.47,clear sky,37.2353,39.7631,Viranşehir Öğretmenevi
346,Katsuura,JP,62.89,overcast clouds,35.1333,140.3,Katsuura Hotel Mikazuki
347,Kaka,TM,61.97,overcast clouds,37.3482,59.6143,
348,Hasaki,JP,57.6,overcast clouds,35.7333,140.8333,Inubosaki Kanko Hotel
349,Pomabamba,PE,63.72,broken clouds,-8.8333,-77.4667,VIVIENDA - ELSA CABELLO
350,Paducah,US,80.46,few clouds,37.0834,-88.6001,"Holiday Inn Paducah Riverfront, an IHG Hotel"
351,Namwala,ZM,84.11,overcast clouds,-15.7504,26.4384,Corner Point Lodge
352,Yulara,AU,65.88,clear sky,-25.2406,130.9889,Desert Gardens Hotel - Ayers Rock Resort
354,Kununurra,AU,89.55,clear sky,-15.7667,128.7333,Hotel Kununurra
355,Bonthe,SL,78.96,overcast clouds,7.5264,-12.505,Bonthe Holiday Village
356,Biak,ID,77.27,overcast clouds,-0.9131,122.8766,Penginapan Kim
357,La Crosse,US,77.34,clear sky,43.8014,-91.2396,Holiday Inn & Suites La Crosse - Downtown
358,Seminole,US,85.41,clear sky,28.7086,-81.2081,Ono Hot Dog Cart and Catering Lemonade and Shaved Hawaiian Ice
359,Khanpur,PK,75.83,clear sky,28.6453,70.6567,Ahmad Bartan store
360,Hamilton,US,79.75,clear sky,39.1834,-84.5333,Six Acres Bed & Breakfast
362,Necochea,AR,69.03,overcast clouds,-38.5473,-58.7368,dyd -mar Hotel
363,Korla,CN,52.74,overcast clouds,41.7597,86.1469,Gulisitan Hotel
364,Sinnamary,GF,85.66,overcast clouds,5.3833,-52.95,ALETHEIA Appartement Sinnamary
365,Sulangan,PH,83.53,overcast clouds,11.1373,123.7228,Maia's Beach Resort
366,Kearney,US,85.91,clear sky,40.6995,-99.0815,"Holiday Inn Kearney, an IHG Hotel"
368,Pisco,PE,67.01,few clouds,-13.7,-76.2167,Hotel San Isidro Oficial
369,Wuwei,CN,50.74,overcast clouds,37.9281,102.6414,Thank Inn Chain Hotel gansu wuwei liangzhou district xiguan middle road
372,Jardim,BR,87.55,clear sky,-21.4803,-56.1381,Estancia Hotel - Jardim MS
373,Quchan,IR,53.98,light rain,37.106,58.5095,گلیم دستبافت کیمیایی
376,Koupela,BF,87.58,clear sky,12.1794,-0.3517,La maison des femmes prostituées ou Bourdelles de tenkodogo
377,Brae,GB,51.84,overcast clouds,60.3964,-1.353,Busta House Hotel
378,Buckeye,US,76.82,few clouds,33.3703,-112.5838,Buckeye Motor Hotel
380,Itacare,BR,79.52,few clouds,-14.2775,-38.9967,Ecoporan Hotel Charme Spa & Eventos
381,Minbu,MM,75.27,overcast clouds,20.1833,94.8833,Pan Tha Tin Guest House - Burmese Only
382,Indramayu,ID,81.05,overcast clouds,-6.3264,108.32,Grand Trisula Hotel
384,Rio Gallegos,AR,66.25,broken clouds,-51.6226,-69.2181,Hotel Santa Cruz
385,Teguise,ES,70.02,few clouds,29.0605,-13.564,B&B La Casona de Nazaret
386,Salalah,OM,80.69,clear sky,17.0151,54.0924,"HAMDAN PLAZA HOTEL SALALAH, an HTG Hotel"
388,Rusape,ZW,63.43,overcast clouds,-18.5278,32.1284,Surrey Lodge
392,Havelock,US,64.4,overcast clouds,34.8791,-76.9013,Sherwood Motel
395,Beinamar,TD,74.34,light rain,8.6698,15.3813,
396,Padang,ID,75.56,overcast clouds,-0.9492,100.3543,Mercure Padang
397,Hualmay,PE,67.53,overcast clouds,-11.0964,-77.6139,Hotel Villa Kitzia Huacho
398,Portland,US,56.12,broken clouds,45.5234,-122.6762,Embassy Suites by Hilton Portland Downtown
399,Kano,NG,83.79,overcast clouds,12.0001,8.5167,Royal Tropicana Hotel
401,Boende,CD,76.08,broken clouds,-0.2167,20.8667,
402,Cannes,FR,71.6,clear sky,43.55,7.0167,Hotel Barrière Le Majestic Cannes
403,Sao Felix Do Xingu,BR,89.08,overcast clouds,-6.6447,-51.995,Rio Xingu Camping
406,Whitianga,NZ,54.55,few clouds,-36.8333,175.7,Beachside Resort Whitianga
407,Nisko,PL,54.86,few clouds,50.5199,22.1397,Zajazd Pod Jesionami
408,Katobu,ID,75.51,overcast clouds,-4.9408,122.5276,La Ode Husein
409,Waddan,LY,69.1,clear sky,29.1614,16.139,محل الشريف محمد العايب
410,Lagoa,PT,64.02,few clouds,39.05,-27.9833,Casa Das Faias
411,Ati,TD,92.86,clear sky,13.2154,18.3353,
413,Pontianak,ID,75.18,moderate rain,-0.0333,109.3333,Aston Pontianak Hotel & Convention Center
414,Zhuhai,CN,78.58,few clouds,22.2769,113.5678,珠海粤财假日酒店
416,Caborca,MX,72.46,overcast clouds,30.5838,-111.101,Hotel Los Lagos
417,Gat,IL,70.81,clear sky,31.61,34.7642,OlusHome
418,Hambantota,LK,78.67,overcast clouds,6.1241,81.1185,Bungalow 63
419,Pacific Grove,US,67.55,clear sky,36.6177,-121.9166,Lovers Point Inn
420,Lima,PE,64.65,clear sky,-12.0432,-77.0282,Hotel Kamana
421,Bryan,US,86.02,broken clouds,30.6744,-96.37,Best Western Premier Bryan College Station
422,Bima,ID,78.39,few clouds,-8.4667,118.7167,Lambitu Hotel
423,Trapani,IT,70.23,clear sky,37.8333,12.6667,
424,Vila Do Maio,CV,79.59,clear sky,15.1333,-23.2167,Hotel Marilu
426,South Sioux City,US,84.15,clear sky,42.4739,-96.4136,Hilton Garden Inn Sioux City Riverfront
428,Miri,MY,76.39,overcast clouds,4.4148,114.0089,"Mega Hotel, Miri"
429,Syosset,US,61.84,overcast clouds,40.8262,-73.5021,The Inn at Fox Hollow
431,Makakilo City,US,80.92,broken clouds,21.3469,-158.0858,Marriott's Ko Olina Beach Club
432,Tandil,AR,66.69,overcast clouds,-37.3217,-59.1332,Hostal de la Sierra Tandil
433,Langsa,ID,75.13,overcast clouds,4.4683,97.9683,OYO 3328 Hotel Mori
434,Los Aquijes,PE,88.02,few clouds,-14.0967,-75.6908,Hostal Sumac
435,Taltal,CL,64.76,few clouds,-25.4,-70.4833,Residencial Karime
436,Chippewa Falls,US,75.72,clear sky,44.9369,-91.3929,AmericInn by Wyndham Chippewa Falls
437,Thinadhoo,MV,81.59,broken clouds,0.5333,72.9333,
438,Sambava,MG,71.42,clear sky,-14.2667,50.1667,Melrose
441,Camacha,PT,65.62,few clouds,33.0833,-16.3333,Hotel Porto Santo & Spa
444,Bandarbeyla,SO,78.55,few clouds,9.4942,50.8122,JABIR HOTEL
445,Santo Antonio Do Sudoeste,BR,78.17,clear sky,-26.0736,-53.7253,Hotel Frontera
446,Srbobran,RS,65.44,overcast clouds,45.5539,19.8028,Ruza
447,Kailua,US,82.38,scattered clouds,21.4022,-157.7394,Sheffield House Bed & Breakfast
448,Przeworsk,PL,53.92,broken clouds,50.0591,22.4941,Restauracja U Teresy Catering Imprezy okolicznościowe Hotel Noclegi
449,Jibuti,DJ,76.48,clear sky,11.5,42.5,Orchid Main Camp Goubet
450,Monticello,US,76.35,clear sky,45.3055,-93.7941,Super 8 by Wyndham Monticello
451,Raga,SS,74.16,overcast clouds,8.4596,25.678,
453,Andapa,MG,66.74,overcast clouds,-14.65,49.65,Ramanandraibe Andapa
454,Codrington,AU,53.13,light rain,-38.2667,141.9667,
455,Velingara,SN,82.71,few clouds,13.15,-14.1167,Hotel Najla
456,Abnub,EG,71.67,clear sky,27.2696,31.1511,دوار ال عبد الجواد شرق البلد بابنوب
457,Minden,DE,61.02,heavy intensity rain,52.2833,8.9167,Victoria Hotel Minden
458,Kayankulam,IN,78.96,scattered clouds,9.1833,76.5,Hotel Indraprastha
459,Ha Giang,VN,75.87,overcast clouds,22.8333,104.9833,Truong Xuan Resort
460,Muros,ES,62.83,few clouds,42.7762,-9.0603,Apartment Av. Castelao
462,Tashigang,BT,60.6,overcast clouds,27.3331,91.5542,Lingkhar Lodge
465,Tual,ID,83.3,overcast clouds,-5.6667,132.75,Grand Vilia Hotel
466,Aswan,EG,76.03,clear sky,24.0934,32.907,Nuba Nile
469,Grand Island,US,87.75,clear sky,40.925,-98.342,Fairfield Inn & Suites by Marriott Grand Island
471,Dejen,ET,56.55,few clouds,10.1667,38.1333,ደጀን
472,Linhares,BR,73.0,overcast clouds,-19.3911,-40.0722,Hotel Conceição
477,Matay,EG,72.57,clear sky,28.419,30.7792,Nag Aespen
478,Atherton,GB,57.25,scattered clouds,53.5237,-2.4935,The Mercury Motel
479,Xam Nua,LA,61.95,few clouds,20.4197,104.0439,Xee Wang Guesthouse
480,Beloha,MG,70.57,few clouds,-25.1667,45.05,
482,Nuevo Progreso,MX,84.54,overcast clouds,23.1667,-97.95,Balneario Rio el Paraiso
483,Tura,IN,69.39,overcast clouds,25.5198,90.2201,Hotel RIKMAN Continental
484,Oshakati,,87.19,scattered clouds,-17.7833,15.6833,Oshakati Guest Hotel
489,Bataipora,BR,82.42,clear sky,-22.2953,-53.2711,Hotel Vale do Ivinhema
491,Ayorou,NE,89.46,clear sky,14.7308,0.9174,Hotel Amenokal
492,Bonavista,CA,56.84,few clouds,48.6499,-53.1147,Sweet Sharons bnb
493,Meulaboh,ID,78.66,light rain,4.1363,96.1285,Kost Pria
495,Matale,LK,70.39,overcast clouds,7.4721,80.6234,Anil's Inn
496,Buin,CL,77.32,clear sky,-33.7333,-70.75,Paihuen
497,Palu,ID,75.94,overcast clouds,-0.8917,119.8707,Hotel Santika Palu
499,Basti,IN,70.21,clear sky,26.8,82.7167,SPOT ON 43231 Hotel Aura Inn SPOT
500,Pineville,US,84.09,broken clouds,31.3224,-92.4343,"Country Inn & Suites by Radisson, Pineville, LA"
501,Tiarei,PF,77.32,overcast clouds,-17.5333,-149.3333,Le Rocher de Tahiti
502,Baghdad,IQ,75.11,clear sky,33.3406,44.4009,Baghdad Hotel
503,Kalianget,ID,80.37,overcast clouds,-7.05,113.9333,Pesanggrahan Garam
505,Nador,MA,71.85,clear sky,35.174,-2.9287,Hôtel La Giralda
507,Goundi,TD,79.11,overcast clouds,9.3627,17.366,
508,Middelburg,ZA,72.36,overcast clouds,-25.7751,29.4648,Oregon Place Guest House
509,Chapais,CA,67.78,clear sky,49.7834,-74.8492,Hôtel Opémiska
510,Minudasht,IR,62.92,scattered clouds,37.2289,55.3747,هتل قصر
511,Tuban,ID,77.88,overcast clouds,-6.8976,112.0649,Hotel Mustika
512,Palora,EC,73.98,moderate rain,-1.7,-77.9333,Rancho grande
513,Mbanza-Ngungu,CD,75.69,overcast clouds,-5.25,14.8667,Hotel Full Business
514,Saint-Francois,FR,71.04,clear sky,46.4154,3.9054,Maison Vin d'Hus
516,Assis,BR,82.89,clear sky,-22.6617,-50.4122,Santa Rosa Palace Hotel
517,Bardiyah,LY,68.56,clear sky,31.7561,25.0865,بورتو بردية
518,Pringsewu,ID,73.17,moderate rain,-5.3582,104.9744,Urban Style by Front One
519,Luwuk,ID,78.62,light rain,-0.9516,122.7875,Hotel Santika Luwuk
520,Jalingo,NG,80.22,broken clouds,8.8833,11.3667,Debright Motel
521,Kulhudhuffushi,MV,81.14,overcast clouds,6.6221,73.07,Haajy Guest House 1
522,Kawalu,ID,71.56,overcast clouds,-7.3817,108.2082,West Jontor
523,Menongue,AO,72.41,broken clouds,-14.6585,17.691,Ritz Lauca
524,Svetlyy,RU,51.96,overcast clouds,54.675,20.1347,"Gostinitsa-Kafe, Alena"
525,Sur,OM,80.17,clear sky,22.5667,59.5289,Sur Plaza Hotel
528,Cacoal,BR,76.78,overcast clouds,-11.4386,-61.4472,Hotel BR 364
529,Ende,ID,79.59,overcast clouds,-8.8432,121.6623,Dwi Putra Hotel - Ende
530,Itaituba,BR,88.5,overcast clouds,-4.2761,-55.9836,Hotel Campos
531,Flinders,AU,62.19,overcast clouds,-34.5833,150.8552,Shellharbour Resort & Conference Centre
533,Halifax,CA,65.68,overcast clouds,44.6453,-63.5724,Hotel Halifax
534,Cockburn Town,TC,82.35,overcast clouds,21.4612,-71.1419,Osprey Beach Hotel
535,Koraput,IN,60.57,overcast clouds,18.8167,82.7167,Raj Residency
536,Merrill,US,73.17,scattered clouds,45.1805,-89.6835,Prairie Motel
537,Nova Olinda Do Norte,BR,86.54,overcast clouds,-3.8881,-59.0942,Casa Juazeiro
538,Kiama,AU,62.38,overcast clouds,-34.6833,150.8667,The Sebel Kiama Harbourside
540,Rio Verde De Mato Grosso,BR,88.47,overcast clouds,-18.9181,-54.8442,Quedas Palace Hotel
541,Maua,BR,70.45,scattered clouds,-23.6678,-46.4614,Hotel Capriccio Mauá
542,Port Augusta,AU,59.63,overcast clouds,-32.5,137.7667,Majestic Oasis Apartments
543,Ambilobe,MG,73.8,broken clouds,-13.2,49.05,Hôtel & Restaurant DIANA Ambilobe
545,Zonguldak,TR,50.67,clear sky,41.25,31.8333,Yazioren Koyu Muhtarligi
546,Harper,LR,77.38,overcast clouds,4.375,-7.7169,Screensaver
549,San Miguel,SV,91.06,few clouds,13.4833,-88.1833,Excalibur
551,Olinda,BR,80.33,broken clouds,-8.0089,-34.8553,Flat Quatro Rodas Olinda
553,Port Keats,AU,83.41,clear sky,-14.25,129.55,Kardu Durrikardu Numida Hostel
554,Ngunguru,NZ,53.29,few clouds,-35.6167,174.5,Pacific Rendezvous Motel Resort
560,Kisaran,ID,74.53,overcast clouds,2.9845,99.6158,Penginapan Batubara1
561,Hobyo,SO,79.09,overcast clouds,5.3505,48.5268,Halane Hotel and Restaurent
562,Banda Aceh,ID,79.95,light rain,5.5577,95.3222,OYO 884 Rumoh PMI Hotel
563,Leona Vicario,MX,84.07,few clouds,20.9667,-87.1917,Don Ros Cabañas y Restaurante
564,Newport,GB,57.45,overcast clouds,51.5877,-2.9984,ibis budget Newport
565,Mount Gambier,AU,53.51,moderate rain,-37.8333,140.7667,The Commodore
567,Navolato,MX,91.63,broken clouds,24.7672,-107.6944,Cofradía de San pedro Navolato sinaloa
568,Denpasar,ID,80.26,broken clouds,-8.65,115.2167,OYO 3156 Hotel Warta Dua
570,Boa Vista,BR,91.29,overcast clouds,2.8197,-60.6733,Aipana Plaza Hotel
573,Alyangula,AU,83.41,scattered clouds,-13.8483,136.4192,Groote Eylandt Lodge
574,Nouakchott,MR,76.93,clear sky,18.0858,-15.9785,HOTEL IMAN
575,Mattawa,US,58.26,clear sky,46.7379,-119.9028,Sun & Sand Mobile Home Park
576,Bristol,US,58.82,overcast clouds,41.8334,-71.1662,
577,Mae Sai,TH,71.85,overcast clouds,20.4335,99.8762,Piyaporn Hill Paradise Hotel
578,General Roca,AR,85.62,clear sky,-39.0333,-67.5833,Hotel El Recreo
581,Prainha,BR,96.21,scattered clouds,-1.8,-53.48,Casa Rocha
583,Maues,BR,98.1,broken clouds,-3.3836,-57.7186,Hotel Miramar
584,San Rafael,AR,80.53,clear sky,-34.6177,-68.3301,Hotel San Rafael
585,Labuan,MY,79.16,thunderstorm,5.2767,115.2417,Tiara Labuan Hotel
586,Hami,CN,54.99,clear sky,42.8,93.45,Laoyutang Resort
588,Iquique,CL,62.64,scattered clouds,-20.2208,-70.1431,Backpacker`s Hostel Iquique
589,The Valley,AI,87.66,few clouds,18.217,-63.0578,CeBlue Villas & Beach Resort
591,Monrovia,LR,78.57,broken clouds,6.3005,-10.7969,Sunset Inn
592,Sampit,ID,74.68,overcast clouds,-2.5333,112.95,Aquarius Boutique Hotel Sampit
594,Dwarka,IN,82.78,clear sky,22.2394,68.9678,Hotel Narayan Avezika Comfort
595,Shenzhen,CN,80.98,overcast clouds,22.5455,114.0683,Grand Skylight
596,Rwamagana,RW,72.84,clear sky,-1.9487,30.4347,Avega East Hostel
598,Enzan,JP,55.9,overcast clouds,35.7,138.7333,Fuefukigawa Onsen Zabou
599,Mount Isa,AU,81.25,light rain,-20.7333,139.5,ibis Styles Mt Isa Verona
600,Kushima,JP,60.62,scattered clouds,31.4583,131.2333,Hanaoka
602,Tandalti,SD,94.24,broken clouds,13.0167,31.8667,منزل : الهادي محمد مساعد
603,Basco,PH,79.84,overcast clouds,20.4487,121.9702,Nathaniel's Lodge
605,Mabaruma,GY,85.91,moderate rain,8.2,-59.7833,Monty Brooms Guest House
606,Fomboni,KM,77.85,clear sky,-12.28,43.7425,Auberge les abou
607,Cidreira,BR,67.15,clear sky,-30.1811,-50.2056,Hotel Castelo
608,Ladson,US,77.95,clear sky,32.9857,-80.1098,Wingate by Wyndham Charleston University Boulevard
609,Buluang,PH,76.08,broken clouds,13.3068,123.3425,Sacueza Beach Resort
610,Grand-Lahou,CI,77.76,broken clouds,5.1367,-5.0242,Hotel Beatitude de Grand Lahou
611,Namatanai,PG,77.63,overcast clouds,-3.6667,152.4333,Seagulls Inn Namatani
612,Ullapool,GB,52.11,overcast clouds,57.8987,-5.1604,Argyll Hotel
613,Hermon,US,66.15,overcast clouds,44.8101,-68.9134,Pumpkin Patch RV Resort
615,Seabra,BR,74.07,broken clouds,-12.4186,-41.7703,Cambuí Hotel
616,Zwedru,LR,73.58,moderate rain,6.0667,-8.1281,Elijah Worjloh
617,Pingliang,CN,52.56,overcast clouds,35.5392,106.6861,North Gate Hostel
620,Canon City,US,67.98,broken clouds,38.441,-105.2424,Travel Inn Motel
621,Tahta,EG,72.73,clear sky,26.7693,31.5021,فندق الزيات
622,Betafo,MG,63.9,clear sky,-19.8333,46.85,CHEZ MALALA
623,Athens,GR,69.94,clear sky,37.9795,23.7162,Safestay Athens
624,Taoudenni,ML,88.95,overcast clouds,22.6783,-3.9836,
626,Wanning,CN,73.76,overcast clouds,18.8003,110.3967,Paradise Hotel
628,Central Point,US,53.29,broken clouds,42.376,-122.9164,Courtyard by Marriott Medford Airport
629,Aguimes,ES,70.66,few clouds,27.9054,-15.4461,Hotel Villa de Aguimes
630,Manggar,ID,77.4,overcast clouds,-2.8833,108.2667,Guest Hotel
631,Nioki,CD,73.42,light rain,-2.7167,17.6833,
633,Coquimbo,CL,60.53,broken clouds,-29.9533,-71.3436,Hotel San Juan
634,Constantine,DZ,76.41,clear sky,36.365,6.6147,Grand Hotel Cirta
635,Alice Springs,AU,62.15,scattered clouds,-23.7,133.8833,Desert Palms Alice Springs
636,Iranshahr,IR,77.34,clear sky,27.2025,60.6848,نیک سرشت
638,Lobito,AO,76.41,overcast clouds,-12.3481,13.5456,Casa Rosa Hotel Residence
640,Urucara,BR,95.14,overcast clouds,-2.5364,-57.76,Pousada Maria Bonita
641,Autun,FR,57.51,overcast clouds,46.95,4.3,Les Ursulines Hotel
643,Bara,NG,85.32,broken clouds,10.3744,10.7288,
644,Miramar,US,87.01,broken clouds,25.9873,-80.2323,Stadium Hotel
645,Wilmington,US,74.95,clear sky,34.2257,-77.9447,"Hotel Ballast Wilmington, Tapestry Collection by Hilton"
646,Calama,CL,75.69,clear sky,-22.4667,-68.9333,Park Hotel Calama
647,Calabozo,VE,88.72,overcast clouds,8.9242,-67.4293,Hotel Giardini
651,Nalut,LY,72.1,clear sky,30.3333,10.85,
652,Angoche,MZ,76.87,clear sky,-16.2325,39.9086,Guest House HESADA
653,Jijiga,ET,68.0,light rain,9.35,42.8,RAMAAS HOTEL
654,San Vicente,AR,79.12,clear sky,-26.6167,-54.1333,Complejo Turístico Farelluk
656,Tambun,ID,81.03,overcast clouds,-6.2641,107.0712,Metland Hotel Bekasi
657,Balaguer,ES,67.68,overcast clouds,41.7912,0.8109,Hotel Balaguer
658,Madras,IN,78.78,mist,13.0878,80.2785,"Taj Connemara, Chennai"
660,Deming,US,71.49,clear sky,32.2687,-107.7586,Best Western Deming Southwest Inn
661,Bunia,CD,64.87,clear sky,1.5667,30.25,Gold Star International Hotel
662,Biu,NG,79.2,broken clouds,10.6129,12.1946,Emir's Palace
663,Sao Jose Da Coroa Grande,BR,80.22,broken clouds,-8.8978,-35.1478,Crôa Mares Hotel
664,Buala,SB,78.89,light rain,-8.145,159.5921,Maringe Lagoon Lodge
665,Naze,JP,67.12,clear sky,28.3667,129.4833,Shishime Hotel
666,Uruacu,BR,86.45,overcast clouds,-14.5247,-49.1408,Cassius Hotel
667,Bahia Blanca,AR,76.44,few clouds,-38.7196,-62.2724,Hotel Argos
668,Tanout,NE,85.78,scattered clouds,14.9709,8.8879,
669,Westport,US,62.28,overcast clouds,41.1415,-73.3579,The Westport Inn
671,Hirado,JP,63.39,overcast clouds,33.3597,129.5531,Samson Hotel
672,Ambanja,MG,73.26,clear sky,-13.6833,48.45,Hotel Salama and Fast Food
673,Gamboma,CG,74.21,overcast clouds,-1.8764,15.8644,Residence N'Keni
674,Krasnotorka,UA,50.36,light rain,48.682,37.5327,Pansionat Paradiz
675,Bantacan,PH,74.55,overcast clouds,7.604,126.1298,
676,West Bend,US,74.82,clear sky,43.4253,-88.1834,AmericInn by Wyndham West Bend
678,Cacule,BR,85.44,overcast clouds,-14.5033,-42.2222,"Radar Palace Hotel: Suítes, Apartamentos, Hospedagem em Caculé BA"
679,Roma,US,70.83,clear sky,43.2128,-75.4557,Wingate By Wyndham Rome
681,Shadegan,IR,80.55,clear sky,30.6497,48.6647,مسافر خانه ابو ولید
